<?xml version="1.0" encoding="UTF-8" standalone="no"?>
<BlockMap xmlns="http://schemas.microsoft.com/appx/2010/blockmap" HashMethod="http://www.w3.org/2001/04/xmlenc#sha256"><File Name="data\flutter_assets\packages\eua_ui\images\github-mark.png" Size="6393" LfhSize="88"><Block Hash="Nn1csq3GCUUc+RJyUO3+iTg3SF58d519y04xI09ZsAE="/></File><File Name="data\flutter_assets\packages\eua_ui\images\github-mark-white.png" Size="4837" LfhSize="94"><Block Hash="YNA/DxoJqvzC3y4QtP/STqtEeHtFH4/bNnw7r1ic+Vo="/></File><File Name="data\flutter_assets\packages\eua_ui\fonts\DingTalkJinBuTi.ttf" Size="2129136" LfhSize="91"><Block Hash="I6DwDnhVJ9gHA8pKL2wtjG2WOR7an2gQQum1Rz/fD3I=" Size="38129"/><Block Hash="8R2ARa9BWmtE/PK+qtUMl+YHQd/XslnDGF9LWZL2bwU=" Size="38990"/><Block Hash="OzYHx7uyOqSYrpKo9ZnawQwQh7gL+W8ZHPNGAqcQ3sU=" Size="35340"/><Block Hash="7vcEb/sF9hL9fGCW3wCQlC5jr0uDUPSp+m3+Whs6+jc=" Size="47903"/><Block Hash="desRQpBXTWxaPo5XpFVs89wMlRtHF5JySy4ayWvEMVo=" Size="46651"/><Block Hash="F2UcJPrqKsI638NzEElExxvJomGAR5xsPkBlkbVRBdI=" Size="46304"/><Block Hash="aoaLkfyVBgbLx+vUvJQUeUJLdsB21WQVeCXJ/j6obRo=" Size="47345"/><Block Hash="JatruKSyjAapqQHGZ2ypEjWPbXcAsuY/J74HG/OvLXk=" Size="46787"/><Block Hash="JALg7dNsTSy4U2TXNW1ouikrnRLQOKszvYjV5G1y15o=" Size="46272"/><Block Hash="5ldOwEcj8pA5ecD1LlfHQDZgLmTkZzIsU2ci6Dax1nA=" Size="45604"/><Block Hash="W1YuU3I19UHRlLuWr6aeRShUKyrptHiRzZEpiIJGoo8=" Size="46228"/><Block Hash="vfP+DyL6aw+/NTj72DcbZggrYdEds5zL3y9sewczON8=" Size="46891"/><Block Hash="NoE/ODqZCCvYNrNt2Z7DrlumlkWw0oqaIq+UNW88vgQ=" Size="47286"/><Block Hash="uRO++X72R6ZMEqBNPCapt5x7JtAHrqZBzUmThMsAgH0=" Size="46969"/><Block Hash="le0+hnsI8uHr7Q3wByYhiYsp4G2w1PjFSpWbGjlzTjc=" Size="46268"/><Block Hash="eme4aK+LeEnUgn3uCj4QierBn4XwgLmOxUGYe/VLdjo=" Size="46584"/><Block Hash="EvXvGxWleanaLjtJ/5KIG17XoRjbMtziwrbMjMT4O3E=" Size="46184"/><Block Hash="vd4JLmh5nndY6mR1MV8DHBZn32u/8M/BMKxdVILnjYE=" Size="46635"/><Block Hash="EB4Po/6eaLdcDozVl+zoi7HiV4mZn4eS0/zMsyypjJI=" Size="45954"/><Block Hash="kcr/2MT+FTLNG3rdpZmvHaEpkn6v2GsjV5YZdae74T4=" Size="44263"/><Block Hash="EQczcZaKw+FK2t/gR7Xyj9MyX7EPpbSU5mv5E/YcjTM=" Size="44337"/><Block Hash="Bd3l6pK6sW0fD7SmRdEWauZk0pp3N6eooKf7OFzCGL0=" Size="45739"/><Block Hash="ph7A/wmUks7tZ0jTFGzOcDFnA+5J1ZWglYdB5YrHd9o=" Size="45875"/><Block Hash="y/4k944/bVE4DozQyspvbXOS9Lh3rz0x/YO+lZWMOK4=" Size="45938"/><Block Hash="hPnY4A0c7IadlnFESbdL0SxVTb7XQOvgm3e8G3DOchI=" Size="45260"/><Block Hash="9JQMis9Jn+iJ2v9luHs54rkMnEVOWevHnLtN2m9Uo3M=" Size="44585"/><Block Hash="b1N5ht5tA91yzepQrKOe/uEe20tF93HyJ6hutIs+7+I=" Size="44501"/><Block Hash="UoiSGC99aW8HzOwdhdoRRyf5betXxWvXv2zxHPROaeI=" Size="44964"/><Block Hash="15/zJUxQFWuy4eFhArBrKrzWNSLW2v7gzD7RyjOfvVg=" Size="43638"/><Block Hash="yHCIZekb+79+H+rdKiWH8eXMM+VWtCdDDT0cG9zoa10=" Size="37067"/><Block Hash="zSr5H/kHrdPlwSLQt/0F4cuD16qOnmn/D7bAyu85nS8=" Size="31919"/><Block Hash="8FsEoYh0svn6cv2qW/5/+8gQhMdW1KgDaMQ1LeBu0bg=" Size="32810"/><Block Hash="mYproUcr3NVyXhnfAT1rUiL3LOuLppJaPcptLRztu8A=" Size="12239"/></File><File Name="data\flutter_assets\packages\eua_ui\fonts\JetBrainsMono-SemiBold.ttf" Size="277092" LfhSize="98"><Block Hash="xuhidgIpD391+/Tr88mboFWzHgXyxegwRGVhWqgjixQ=" Size="31987"/><Block Hash="FRj98XEXqN5TkmdPitYbB/za0k4UFtqY/WcLYT+fDAE=" Size="34854"/><Block Hash="XqhXhZkf2UDcaLwDsOCPhGvf8ZQNnQs9diNkHLG9OrI=" Size="30775"/><Block Hash="1cR5gg6W1l82oMatZXbBY9slNNiExX3ELFco+nb8Tas=" Size="29747"/><Block Hash="JPCUmdqQHn71hWEYgXOOhzkUrvxSHWRiq+8hz39PeMo=" Size="6218"/></File><File Name="data\flutter_assets\packages\eua_ui\fonts\InterDisplay-Regular.ttf" Size="403396" LfhSize="96"><Block Hash="PZh/WSqELprXFbbU8++TE0RYXECP/qRaZIgeGUNTUm8=" Size="19769"/><Block Hash="dnzvthsbK26PlAQCIFU1IJ1VvVcdt51t95q6fA/H78M=" Size="35309"/><Block Hash="IJw9b9Fg5P7AV8bQNBSLSuKLr6S91PWsu/ekeE9+O1s=" Size="29118"/><Block Hash="M7iCw28L7UWS25L5aLzdLu1cuIXlgPi4MfX7gf6mlz4=" Size="35415"/><Block Hash="o5U7ZQYDouFh4g7NoBgACKxIh35lyoHwFxBGXj2G1YI=" Size="35167"/><Block Hash="g2zMNu4NGIZr7rXIIyiiqUdoxE9FyF0NLbjnunk1Hrw=" Size="32744"/><Block Hash="StBEwGCFvrlA5i6jWJk6vGZxNc0FNJEIKy2lm80Pv04=" Size="4513"/></File><File Name="data\flutter_assets\fonts\MaterialIcons-Regular.otf" Size="1645184" LfhSize="81"><Block Hash="79YDsey+XBrT4Jpt3F9N2osUgv5iHf463nZKuytH46c=" Size="34143"/><Block Hash="Hrh9OUQDLbuY3gro2sq3WTDyha14AbB1eo9S8ccfhZ0=" Size="34567"/><Block Hash="MaAsYbyHOgQNTjanI/+xtlklxj5J26YV/6B86g0IZp0=" Size="19710"/><Block Hash="SOfQLkHmE7Od+FPRrq+G0RqvirRXUbNICKHYn3g/qNI=" Size="11185"/><Block Hash="ncjTT87qOaSt0YkeFXTqoias/i71mjZjB/xJXovktfA=" Size="24644"/><Block Hash="RCDriKbNT8FoKm/ai5DWKMA8urZv7CBl8g4tMTu+uB4=" Size="26170"/><Block Hash="xakPWKdLkMi4VwNo7fKh9CuuU7fJc6qENRlnKZoNYMc=" Size="23656"/><Block Hash="k2UV/z0HO/ADQBFRwG/nktaF8sJgESwJfK/w8stM0CI=" Size="25496"/><Block Hash="c8JTewQg5+ZGmc1Sp0AB1pApW9AXfPrfcUtdjd9RpTg=" Size="23461"/><Block Hash="ZHa58YXdb98OslM+l3EH9rq62IWmHOT1vsnttrV4jgU=" Size="25157"/><Block Hash="/OMqPWXcstr40PKooVMwyfnu+80jt9XXCveEv6Gn05s=" Size="23506"/><Block Hash="KqgUqzxXl2qZ98LfTr4K0zVswFySpO+U85qch9Uddk4=" Size="24823"/><Block Hash="ut5iYduwSzR4vaKWhUIlk038jQBGPiAMIarsZxQck0U=" Size="25756"/><Block Hash="k5FtRWPZJEEwlvrC407KjiXgzRvf1/K218CKf7j/UsY=" Size="26394"/><Block Hash="VCVRtbsQRwUzhX8kmfOKu3QGgIsCY7i3XG36Tt9VG0Y=" Size="25827"/><Block Hash="9gdceL7JVExozrEnsKujBxtEGqexUjJj5jOyRyB2nng=" Size="26028"/><Block Hash="dh1dJzeuSGCzEYaJFIMQ77zeC8PpQpZk8Ebs7kB5DME=" Size="25745"/><Block Hash="kNTjBRz5/bYYXvvcj7e0aZNK7l4UFZi9os+8eAJtT18=" Size="26213"/><Block Hash="57zHsxM/j86e8auDsGzd03SS7Qp4OSfZW8aBwcRku4Y=" Size="27348"/><Block Hash="ONbj/iRyyEHuEXzAr84SyGMT5AkMttxH9dfKBCjR+pE=" Size="15867"/><Block Hash="rQKHk4CC8CcZHQLlnOJKMDvLVf75llpgnr8mE4du0hM=" Size="14111"/><Block Hash="rc09HTeQGywosUQrs8KWfMs4AGY1N1rNNoDn11NPPAc=" Size="16176"/><Block Hash="CO8v+hCbs80A+Adj+YMQR0Iyuu81FOdRs07GtpYxDlQ=" Size="14279"/><Block Hash="PBcxiinfQC4z+ndmiVdJuT0aGE/c9c/ngEh/upNIB50=" Size="15308"/><Block Hash="dCJQlWVME8Bz6SmGm3jugaHmqSK+1UPgROIHRc8oJgo=" Size="10957"/><Block Hash="ASXaPxoxHgu5FaB1/Fb8kCkYaPOnU3ZRCaNlrPzja6g=" Size="28"/></File><File Name="data\flutter_assets\packages\cupertino_icons\assets\CupertinoIcons.ttf" Size="257628" LfhSize="100"><Block Hash="lNrtH9Tvcw1llxGtrPLZeO2Wa8bqY0pUdIWVmY13X2A=" Size="32014"/><Block Hash="1EtluN+7ktT6U7WAYpg3gQw4WXDYwc3f33aMJTNogts=" Size="32692"/><Block Hash="7ARLq0XQZKxv/4tdDMN8sHcLu1Ha27k3Jfhjmy1qwj4=" Size="31779"/><Block Hash="D+h54HWw/IbIqjtplKN+iQoXdng4JG7y1gXIpMLmKDI=" Size="21554"/></File><File Name="data\icudtl.dat" Size="817232" LfhSize="45"><Block Hash="YoZ1lNyAvm3uYVZHpnVHCiwYWfh27Xs3mWzU3jugL4U=" Size="46494"/><Block Hash="AA0lHTJoz0zxBbFf2mdv8gyPY233KPcdAPLNn9VRcNA=" Size="45236"/><Block Hash="ksU4cGlQeUXQWBPWr37T3xxJt64mrhKZngH8TAn9/u8=" Size="44619"/><Block Hash="cdqS3KmjPlUsK+Juu3iuhJ3nhkK0n1MmARfNBRfp7as=" Size="40481"/><Block Hash="jAUuQDxoV92fK4Mx5ujaUgUBx6C4HHyh56qIv4kVwT4=" Size="45800"/><Block Hash="By1nTCEtX3l9bqo1efmzgppjTTPZ9v4LMyKZdMZF7H8=" Size="49044"/><Block Hash="VcBDz6TxWnqnc42l1J9XbkHhRFw6xawdnjI/MIK/hKQ=" Size="23165"/><Block Hash="N4CCxNjK8UImjK04VMkpJG8Qg5feaXIS4VKM0XnnN/E=" Size="46802"/><Block Hash="MFptaLVYzBOgjguc8mAMfWjW9WW361NWqPmJiilN1Xg=" Size="48970"/><Block Hash="12tOKnqseViogfxFaDZJsKm80XzJJIgaifAwl1lq1xI=" Size="18616"/><Block Hash="Y/28KbCclNSmeAgOr4Q7XDuFXQ6Oxii9He+Hi4erqeU=" Size="22064"/><Block Hash="O1Rfgvmnth5qnrA7LrcocZCSpujGdcU3DYUz7u5BVcg=" Size="32510"/><Block Hash="K6KNecfWKaEfVTBZEU2JcmdjR8cjIym4ASK6eV4ADEk=" Size="10645"/></File><File Name="flutter_windows.dll" Size="18124288" LfhSize="49"><Block Hash="wKQhI/kXYhuZq121cU3VEWqbvZeK+krFTbPg11ggTZ0=" Size="32325"/><Block Hash="pg2scjyTSjQ8dP2BpC9K8rTLk7OUZBw0D0SF7ONXTgs=" Size="32942"/><Block Hash="gsHGLqBnPZaSOFOQL9gyotUlb0xJQTJ5lhhen0eCJR8=" Size="32402"/><Block Hash="Dam5GTNp/rylPqd1Wn0021aaplh8ScPk907mpiuCLUM=" Size="32909"/><Block Hash="23Gl3SLD7AWafW0Ykjrf05Pcdu/1xNUlDP61VoZi6G8=" Size="32401"/><Block Hash="kH7uJRR8Uqf1tyCNGkxI4Tx46eaJan4+v4achaZX+Qg=" Size="36501"/><Block Hash="2iO7w1dFC1wgcUzFaEZlLQ120arVRkK8SqE4rlMABxo=" Size="36798"/><Block Hash="qM5oIu/Hv2l5kOIPdORqAz9sCWYyVzn6pQsTnnr9vDs=" Size="36379"/><Block Hash="kcLqvomMSi2sJFyVkhmap23BkysQLs/RiV9owh+9QJU=" Size="38079"/><Block Hash="JHOMCkUvDYTHzOuDYi7uUzxjqDFeP0WL8oEM6mXwCvA=" Size="36817"/><Block Hash="C+r/+D5ef6GwhW32XoLrSHM4FPH7W9iLZum2XVoIlDE=" Size="38757"/><Block Hash="WNzSEt7XGnhP/XoeNIGfQm/YoZ2LQtYYdQ6g8+dZz84=" Size="37449"/><Block Hash="Qvg/OLyMMt6aGffgM43YnnjujJ5FBQ2IOwLPol0Molw=" Size="32537"/><Block Hash="iKFxFPLoxz8BnY89hclLmf7ItqP0baadaX8MDymTLJA=" Size="30771"/><Block Hash="5i+08QRG7UkQTPP1+vMS8BFK0wBaiZ4O1yjeyPZtnO8=" Size="33940"/><Block Hash="koJ1Ti6/nJYEyN4Qx/vgDrQhyJAamz9au+ZeUGE0krI=" Size="28593"/><Block Hash="S9lP9pEsboF/08wlDH4Bo/UD/E8eCfHc6jhToIAT2CI=" Size="31955"/><Block Hash="E6NUF/nQ7x1Lg0vvOHvCFEFVqQhVSwFF7rznfu5xJoA=" Size="33473"/><Block Hash="T7xt0t+gbTk338NDS4Ee0oOJB8QrE3YHZ+Bx0T0W4rs=" Size="34639"/><Block Hash="9f0Fp5Xut3j97KTlEaZWSlCto8xSRqgjp32cj4WgfSo=" Size="35266"/><Block Hash="bqCYFm28SWKau0uIOJpiVz+ibm2JptDcEGPmDX1eI5g=" Size="34165"/><Block Hash="DTRJ5nzd5ghIYj5zBGs4Yn+BI/ScvpCMVGOOM3gAHgM=" Size="37315"/><Block Hash="JUdx3au9B4g1/ggMAiaBQ0QwTdqUeqkjSsoV304hyss=" Size="36133"/><Block Hash="oVHr+qv0ea92tbB9BynIrGf/7Ail8e+0wBUu0H2B5ho=" Size="31126"/><Block Hash="BAZ1E+zapFUTyE3eAVrWdd3eX0UAGlhJuUH6sbcVXl8=" Size="26459"/><Block Hash="n5gBS0H5a4Xsy7Uh7I0VbBwO7Cfzwk0fHhgOT3vt68c=" Size="33680"/><Block Hash="6Lq4aZl9XTprOiv12LAcDy84auq9uUdNt7VnpfXD4X0=" Size="31975"/><Block Hash="gsUXEUrNVKpwlJRMHuJmUpNyJEi1PU5lrrpF6czjoKA=" Size="38084"/><Block Hash="oEZCxQwL59ole27gimVVnelYst59jA8PT6QMrgALjHY=" Size="34201"/><Block Hash="l9dNDjrxJ2gIzqx48RyqxYKAFEsrNKbLYPRefnn2788=" Size="34101"/><Block Hash="NMUAgFEAxo8kKqHxC+4742Lpuq7WShvw0s0SowiPHV0=" Size="31016"/><Block Hash="GGe+9FkdQJ/X+0RzSdIMTQqXtjbE4si9nx/h+GmM3Pw=" Size="35084"/><Block Hash="uXbOmwO5WTOxjbCZHENeuYAbP8GLmXEczYQh6KbdrV0=" Size="38145"/><Block Hash="8XbfSN7TiEAO9m9ez+l4QgF2UFjz9vp9Z358aalbnU8=" Size="33955"/><Block Hash="MIccfr+Zs5EDQmhGHQ2Z5XVi2zH88gl2GonHNJf82G8=" Size="31926"/><Block Hash="FCVWhmCPkw5TB2siO6BvpmTGgxZuP6pYSVlQuSIu2oE=" Size="31101"/><Block Hash="nvqts32eHwaR+aATbOTGZIxNadiU3sUSiEwNRWuwgLs=" Size="31232"/><Block Hash="2ag6jrY7Rc2UyHTq3I1kdItJsdCc05b8ItUGvwWMU9Y=" Size="32506"/><Block Hash="6OMCF0wyiKEEbCoE3l8VApwnmsNz7/tIVI3raVppgrg=" Size="28923"/><Block Hash="qXUOs+C4LNrgXcYIUinq/1zyerEhW4r2YZDKBA3nUIE=" Size="26830"/><Block Hash="kt3QbxUXDNz8FbuEV7oXU+d1ytmMRehKXXXN8JvRJsc=" Size="29018"/><Block Hash="eQEP4Lkc8PLkKeuBXH1UEIznILI3cxD57mugbfvcY3k=" Size="34345"/><Block Hash="n0QegB9pXRHqKk845zKthYfvsVUYzjB7t/TDmNa/UQA=" Size="33255"/><Block Hash="mdYYW0KweKioK0RT00cqPL6KDGZ8XwjVsi//JVUrwOM=" Size="34790"/><Block Hash="du9HUIDsyuOUsimP/6aNmjonC7Cm9ItM2yvwGuzg5wI=" Size="35410"/><Block Hash="oo4Gy2wwR6QrBDrbd59jkfT8IXW8quJpZ1mphzza2vk=" Size="34260"/><Block Hash="tc/o+Adftxk1TyEA+ybCpwFrWj7YlXb14EGUX6gqxOM=" Size="33684"/><Block Hash="UfVGJYiLw//No66/XTkPVpZO6o+V6JReKb+ZMfkEt2k=" Size="34245"/><Block Hash="SL7SVn/ixkKvvfbsbDVeDYMzM533YEbLrhOJGyhyBZg=" Size="30930"/><Block Hash="EgzjnIUCU1307/MQ6iSIR6bh7o/01ZGM0eqoHKa9/KI=" Size="35924"/><Block Hash="j8CBE7i1i3q3nREPJDCrzwIiNM+6JqbvpMQO2LjnOGg=" Size="35315"/><Block Hash="+1xmmhrf2Lus88z8FTE/LCGxkZgn5ig4ASNmAQjE1po=" Size="34579"/><Block Hash="aHZwMwoBpAP1pm4WJpST6vUAlwt+Kpp9yNz1EWXjZF4=" Size="35033"/><Block Hash="2/DB56X6CVmxZI29FDYyL4CSQwc0Lo0M+o4GXIRkJjk=" Size="31453"/><Block Hash="jEf9lIzh9JA3wcu/PnKQZGUMY8/sqbXEK6LRpekGS5E=" Size="35800"/><Block Hash="DbsmM90kW0iaLkP43fKkeyRtvWPxNAy7ls9ofquZF+s=" Size="32436"/><Block Hash="Z7e8KmZloTAYhsAjBqr6LrWweedvguUirSF7tZcoEFg=" Size="29562"/><Block Hash="tUfm8aBn1rfhjoujqH67RPU8bdWwP6YqQZPm1+8JSbU=" Size="33315"/><Block Hash="nHEaQAc9+dK4p4pD3QYwXEJWlZpHA0UXMUQ6GmQab+w=" Size="33167"/><Block Hash="Y9gemeT3jXZuM66DJdIecUh/zUiVxk/YjWDTr4ZP3+0=" Size="33302"/><Block Hash="qGYIPwHOc0Hh/cbvj9hKvlsFDowFm34GeB4/+CVZfLg=" Size="35020"/><Block Hash="myqXuhVUOdtjuGSi8pyCHmvSkN+eaYYqQ/WU6lkhP/I=" Size="35016"/><Block Hash="b5aersJBu7YiwKJYykKn0FnVsR55lY5RpyQS3bM8daw=" Size="29156"/><Block Hash="Ee/9Z9wYv+RBrpbm6vxTrf3J0mvajArG8TjClWlDtqM=" Size="30877"/><Block Hash="rRyNDgvvoGwcOVJwiZ08oWLSP4N8Yf7Eoer0MzqZBl0=" Size="35266"/><Block Hash="OZ6hNL7qR9ZVFirGT1VO3psC4jKnnE2X3ujzyzWPfWY=" Size="38060"/><Block Hash="fc9WJ276NM/JVr6kLd0FDZqsAfyHI8AN4UTo14SAjk8=" Size="39721"/><Block Hash="SJvdJaGM2Z4SLKvj4b6NGW6VVfeTx/FZciynSLTtgN0=" Size="31464"/><Block Hash="wlsZX83HMYka+jMhtqGC9SUI8X2Bu0HUEsDYULFzhcU=" Size="24091"/><Block Hash="GCWosK/Is4YzI2DZAUwfkXy7Wy5UdwpqcXV2551elRI=" Size="25706"/><Block Hash="tYE8XpIHsxTNBvo+UucxwFGHzPfiNDY432mR3mTIvCA=" Size="36702"/><Block Hash="kKazYMvvTTsA6/n3vnqUEpC6E4hzKIv0kpkSxl7ZwuE=" Size="26048"/><Block Hash="M68hRtq44tuVRlnnUCoDv2X0AG8nsX86hhefzOrt0AM=" Size="37680"/><Block Hash="tqocdKP1W7CrPfLJ4fDzdsXLsLVSjvZxxa/bIqsfvwc=" Size="31288"/><Block Hash="lMS4jLG5oHod4Hmy6ALRPfdc0VQLFBQqeMNnkpcaMD0=" Size="34528"/><Block Hash="BYNCY5DAYqbfjM6aWumYK6r9lJdUpIJFqaZEJn5JSDs=" Size="35122"/><Block Hash="SaG74xI7K6/2+Kza/wt/b6u0pJs3R7h5hiBG25ol7ZQ=" Size="35693"/><Block Hash="GT/uuPbHJ8HLchfx7lVMcKa6xyTMLno1l6nNB3e+LQk=" Size="36028"/><Block Hash="KHmIQlZxx6V6rl/QWkAo0cmD9kmysk9ncruNDLq2O6o=" Size="34770"/><Block Hash="fJ3jFleN7CbNabgakCf5LwakidOO00IET60Cpn9EsxQ=" Size="35450"/><Block Hash="m/Wj1IUCq+0Q5MIphkR70RZo5k4+c0CBadLbWppDeP4=" Size="33090"/><Block Hash="QtUqmEjunqOVl6sD7+TfWrFZnEMogglqKmw38wAuNPI=" Size="32641"/><Block Hash="21HLEa/BG1gsk+RwvYeSVQtX6EUOWtCRiQr7eVtSTN4=" Size="31755"/><Block Hash="CEN8ep7CP0aYefgLxVeyseguX+wxnjQ5we/oP6kzxAo=" Size="34363"/><Block Hash="Z9joaXkg6GKB8iwuyzXX0CbrDJdRGYllknkIetQ3St0=" Size="29078"/><Block Hash="NSjfOG6+dni6JqON7owYLvc9giYit9m7HO3TlWCbXTk=" Size="29317"/><Block Hash="luK7dtbUPCt2mHL1g0ab4jXq+cLqxma+bo/VZdwZiXs=" Size="28168"/><Block Hash="l0s30+TTPe8N4yq6XqKRAxjvPEX84qLTx6AyMs8GK3w=" Size="36618"/><Block Hash="jrDCoBDt/1+39U89sOLAgZ9sPIKFK/iMECFWc0lFeKI=" Size="33431"/><Block Hash="WJ21CaYC0TkK7cwDiIbAzDPayj04/69gijQcerNk0es=" Size="34452"/><Block Hash="4I34Pc1qDJ0ZVnd8nNXn/yJtI3z28i7eg0HQX7IwfDQ=" Size="36363"/><Block Hash="naEdO5Nk21RQPFDtP00nzhk1ovQ5WQ+qCNjs9+zBJ7U=" Size="31097"/><Block Hash="vbwW1PMTCelv48Lp+7Ll6SNtoC8zZK9jSWygRNhTd0U=" Size="25877"/><Block Hash="gORZtDWfwflS6vhcPjkO7m84znjprcXV9xHHWc0JfOA=" Size="20574"/><Block Hash="t7Z4bOZLjPSpH4lxzKbGdZ7J8nz5rRVFYnx5/WJqKY4=" Size="30397"/><Block Hash="l9fgCdlxpCJPpn2LOuTlEM4mtiLr4FSAEk9DFbfId6k=" Size="27600"/><Block Hash="lycaXtBHURJ72ROL2NIaklSFyAWq17c5bzmnoGW4kbk=" Size="30892"/><Block Hash="C4XJw4JDeB6p5ql4XUzXNKZetD6Kre30Wm2y1LkovTw=" Size="22284"/><Block Hash="LxI3jESbP4v+i5VTMn78vZE2IZfkGnMSt7LgFkuP3OI=" Size="32508"/><Block Hash="RA2z1fZ2wxsr7OWM3DYJ/dGRLdUVHPDIAONyBumhKuI=" Size="32363"/><Block Hash="afogbocTUZUoo8loZrqxwY/nCY/BEqVIjc2RuPDYFTQ=" Size="33748"/><Block Hash="+hxqIA7E3CuUyWGtH8Ce2qHZTbhyjNaKk/XMA6pdje0=" Size="30206"/><Block Hash="QCHPPX1brlHxZAn5cuNPIFHVA+fZwz1I1qYUl2R04+A=" Size="29193"/><Block Hash="/HGopjj+XLnG2a01xq8XNA9QrRhAza1vktrgtbKU65k=" Size="27780"/><Block Hash="bHx59h/qaVqS/LGSuD8KYISOuNb82F69lLX9YyBTMgo=" Size="30453"/><Block Hash="bMEzSNfLI61IIEKtgaL2li+Sgk5v/zSKb1IEApZ48so=" Size="30890"/><Block Hash="MHVX4KOT5FR3SWSnPG8aelwNAuqwPLvxOSDZVoruXg4=" Size="30185"/><Block Hash="VhnoTseHI5qdgj2WVlyMGru0mF7t8MGrCrkNmLy2f88=" Size="32507"/><Block Hash="G6/8a363E3myCoafAkfXXOz3pDwnGyQRUgXS4paP85Q=" Size="28022"/><Block Hash="ETeCOCfwe/sAmK2Lxp4IXvsJt8VZdYaKon+UzOwffHY=" Size="31946"/><Block Hash="pFZNVu+CRLSkFCNdfJLNq773L4RgV5OeKBb1OeUoARE=" Size="31070"/><Block Hash="gqrNoqDRJ74QakEcgoKuB6rf9tLqwtSK2cLsBlnGkms=" Size="29502"/><Block Hash="yjbsl3aAjlsa6o2lod/N9FGzhk///U+1+1+ppj7uPsc=" Size="25102"/><Block Hash="xuk4QDuKfC7CjBbNOtCtCvY3lxgISmOToj26XBCEMTw=" Size="25844"/><Block Hash="DKSwVDRUwjL/1036EVJudr0FXERRdwAynB17LLnwpGM=" Size="32811"/><Block Hash="fKRvN9SYrgC28w8g2diqkulfAn6DyU4UYksSYyn/EIc=" Size="28190"/><Block Hash="2mTxPTCUQu4zCE1rTGelp+12dz7WnnM7ws90WRvxM2U=" Size="20698"/><Block Hash="TrV7eQwvc2kJF4DFAR3MZokqvazbWMtMsxrjDszZ6c8=" Size="32107"/><Block Hash="RFj+LGXx9Tp73/e/RirTOZeHLjBchJMZvru3PRTtDiw=" Size="31784"/><Block Hash="yYMUxBaSN5hgsBnxPLYdgSOt0CJ9WeIuGtv0ucEHSig=" Size="28320"/><Block Hash="K0fJfTiZ5BkI0Q/5EGtR766ebRz8TOtd9kiWnAgErPk=" Size="26576"/><Block Hash="fL7IMLFXn+BT7Rj6SZMX5OdRBO0MCPxKI9doeH63KPY=" Size="33442"/><Block Hash="xIS/yz6HugDl+QJ1NfYx+mimxeTxH7CAxGkBoM7Edbw=" Size="30351"/><Block Hash="R9NbkxP+nFQ84J1BgGIMEycPeW/bVq9t7ig31TZX25M=" Size="28731"/><Block Hash="i9Z8WU0MBKzsjmdHH9Mg0f5NNlUBNFJgk3pnLyYaRIs=" Size="28919"/><Block Hash="EJFKaaRM8ePY89cmHCI8yz6Wq1pWNr4STM/3d+NcQW8=" Size="32746"/><Block Hash="FiCWtA83v3uLO1VvE5HTePZT0XsT9wTfDLT2YWjscnU=" Size="34357"/><Block Hash="WD+mM1IPJk9SFTZrWO1d/2r6Gsd6Ddt/5Pewrxq9rOw=" Size="26523"/><Block Hash="bF4K1SUm2dAvU0zqYVtH58eNxk+A2Ax/lVe5QyDsiIo=" Size="30837"/><Block Hash="qHYiqrQbtmOm3PiQ9DJzR1V0SbOxvrGygER7YA5ZyAU=" Size="29726"/><Block Hash="TMhLRyPHJtF5VF/0c8y2TRUo4esGjtHUIZNRw9Aeq2U=" Size="29577"/><Block Hash="BvJlc/ZOAx6SavueDAC7CfEwyfac1kFO/zNj42EetvI=" Size="29287"/><Block Hash="HRctSu7Uu4CG6l5N9PrSgWvVDfF0NgzNG7uZ/oa9SV8=" Size="31809"/><Block Hash="r00hRpBWulqwwJFe57JFICfn89kq87TgmuOtYYJ6G1g=" Size="28668"/><Block Hash="AzrRoyVMjJVsnL5lhkn0HxQtbD71NSdFCcEA8e2Q7rA=" Size="32527"/><Block Hash="1V1j4yWs2pJYeXSR97KlprICsFbZ0BmDxO1xLoURXQQ=" Size="35843"/><Block Hash="XYrgrE8/4FFlclEAm1cZuUq3Xtb6qqT+FqU7q+oxT+o=" Size="31780"/><Block Hash="q+OM0K3Yuze5ycB627OqntEvaDcYGuh+XJHawLXPnS8=" Size="35601"/><Block Hash="kku424kifG2VAzEbjE7h5Hv9byoQVXc1hCwVFhYmMPw=" Size="34985"/><Block Hash="76G61mkRNlNMSriaTE4kjCJ2mXhFqjusXF07Wfxw8WQ=" Size="33391"/><Block Hash="Io6aA5td9c7m4EbqOu1+Bxet2hAoui6RZRydwqDqWeE=" Size="34369"/><Block Hash="EcgxiaE7adfbVo4opzV2vrOv2YzhiUfkykLhZvGV9No=" Size="25854"/><Block Hash="GWDVIofWmF8Ypoiq5TAIJlPiZgELB+m1c6dTJw1WnVY=" Size="35601"/><Block Hash="OfuQVSgEu96vPrOgjQ8rhzUBa/P/Z8sXIIfnW39x3XI=" Size="31503"/><Block Hash="In7W4qBo35J3fcBVrbAszVZUQzEXSxMEiLO2P0hEfdQ=" Size="14395"/><Block Hash="ludppGelmdiykTDFTGoUYD+OTai6qiccoD+tQ2ljykE=" Size="23143"/><Block Hash="RyZOIdLTP1RfhyCvPYoChHFOEuZNrRT0H9xs2ceAdrk=" Size="28694"/><Block Hash="6VOVyAyfsJZZZyCI3Pf0ECYSRXxkoPdOT629QB1ieTc=" Size="23842"/><Block Hash="cgHkk00KUTw75tHgun8kuPJuoQ5UxnXC+S0o/AezN0Y=" Size="30524"/><Block Hash="9Ru8oNKSDzCaX5s2XG/a5QMOk6/sqon4KU16kF7oKCY=" Size="33208"/><Block Hash="gMU23NJT1DRcR4NVmW73L0ph/RJSgpLMRKMikGXsIpA=" Size="29591"/><Block Hash="8REtwYsTcKjs//YE88woVyazs2z9lGX7mdYQVxMOeYw=" Size="33558"/><Block Hash="Hi6w6c26TM36I7xUNdGHLVG303o6xSP74KC5jKoaufc=" Size="30796"/><Block Hash="NZY9Sy6IS2mooEiS1D8C21BSwKjWRBWe7I+jvkYqfJs=" Size="33769"/><Block Hash="rao+VeprJjPdjj/SPPFvGUwS4XFW55epuelJld8QdnE=" Size="27340"/><Block Hash="/A7KONf5ZT4lKAYE7L83++3J1hfZFJx6kJuC4/XJi0g=" Size="20537"/><Block Hash="G5E+uqgVP/t5SXEeEICopCMn803i4Sl03p1d6COmLWc=" Size="23812"/><Block Hash="GoBYVNwzEUHOlzbVXKGKE0mcEbC49UHJ1deewRP1aHw=" Size="7324"/><Block Hash="yy+jf9ep7A6+ykziwqD8C52J0rrVG0O5Ai2HAmKlPkc=" Size="22988"/><Block Hash="GNaFfaP6DXrP0PaTWDcrtRQUElupQyZKt7TlKuX1oVw=" Size="33952"/><Block Hash="Ph/h4uHY3mLI1lqxecIakMR0B+b+0e9hV5xbAbHYbps=" Size="29967"/><Block Hash="x3q0LV6d+3mabJJDL6c2N2AcozmfTbp1JqEqj+ZWKzw=" Size="26342"/><Block Hash="FOOmrtOw+OveXurlHUR21xNOxJHcyCu3Y0e2Kb5BKPk=" Size="27999"/><Block Hash="7eWPOUZGkmZ06uTPF934AGX9jEhXDZunTR6UOhCYJhw=" Size="30894"/><Block Hash="vh4SahGuk6gmOMHbGD+Bvnda3BR6xUmp8alh7xkaw9I=" Size="32943"/><Block Hash="hOSNonzygXlMn03jm+ReQMlukpZZsIpDZdWBKCbK6JA=" Size="29596"/><Block Hash="SQEy80P3JXd8uB+DLHSzK5qvdVjYIDVMHuqpCFoznOg=" Size="32246"/><Block Hash="HOa6k6zGgi086tcbJRrFsYp5boJrzVy+Q8w9q71oing=" Size="30445"/><Block Hash="Cp6Lk1baH8LNlSsZgAOmEgStL5/riYscYjvhd5SoNgE=" Size="32223"/><Block Hash="YUQ5dpTpNMb1nsDRl0qsFxVgrNEPOu2hZakSJ38ttnE=" Size="28271"/><Block Hash="IHKcOqOKDumlZhXVPTmBU1CnpvdHBEsKIOM3o294Ko0=" Size="28975"/><Block Hash="gE45PApTWITk6f+JKmfZxCryPnCdF6YBD34JijzX9rE=" Size="31135"/><Block Hash="LclGTFL1G5YMeBvHKs2zFe5evnGtFwZt7OBIcEqn/rg=" Size="25316"/><Block Hash="evAN6dHqW8syAG4LajJ3e8Bk39yqDFL9xBT+3kLGn1k=" Size="11971"/><Block Hash="NgEXAR5Ay6cy3HtGph3T+Y3qEMDuS3Lisa4Ga2bs5Ik=" Size="11942"/><Block Hash="zQ21F3vh1W7tvageBNjjdXQHjYOTUaT9cm3O/TXzHIk=" Size="11719"/><Block Hash="CsZvP3l2K4aIGFTBoqrijBvJRLabzJsBBqIrxbXL6kA=" Size="12688"/><Block Hash="G6FXJSz2rxYFxZE3kLgQeNlpSr8Juiv/W0tInEOfn3E=" Size="12363"/><Block Hash="dzf8I1IoPPxQ0zRzKA1XoT9+H2mbruTtCw2Q0AVSJ+M=" Size="18525"/><Block Hash="IBLTm4LcQ5pf3FGQM7QI1ySmuqRmuyZG2+34xFw5dYU=" Size="32800"/><Block Hash="m7CRn2fd3hb24jLW69RCgImhrA9Ii/cd+PzUktE5u2c=" Size="32588"/><Block Hash="Ztd4iKzgaeBH0gKbwzA5AY83q6L/tpcWo8vptuocBI0=" Size="17199"/><Block Hash="gsVaM+ZDuEMs0d7lXwOO/cYH8YeSeIuRuoGejM0OHXA=" Size="19387"/><Block Hash="RCWTcgjyRMD5r+6tSuZGb/4s5zQsBhRNPgxK04c/PnY=" Size="26425"/><Block Hash="5xrib4nmy38sEhiaceP9z2BxnTV/NZjlIqhQ4l5Wg9M=" Size="32449"/><Block Hash="11n+qfhUCQLS7rtrEQPwpwlTom2zukR4gPxMm6PiV0Y=" Size="36553"/><Block Hash="O97ITeeImMIJY1eXDQACxKpb1wxfFpJ+tGb+kbaeqKg=" Size="24715"/><Block Hash="G/rpg8R0lm56qaDnDhTFqKk8zVRr+PoVfiRaQmKamWI=" Size="26843"/><Block Hash="T6N7fZZ5S48fKxKQSxSs2rb0oFNyrHiPgCU+XGv9C60=" Size="20610"/><Block Hash="O0EcaTjgfOYOM6Mop+IGDx6Sqf9NjsuDhnOW9VUm9xo=" Size="18385"/><Block Hash="7I5JsEDSwzhMNzFUVUP6/FeGwvadR4vpLtHyXiRGKCw=" Size="20121"/><Block Hash="HfkQRWE6XGe3xL2RB8K/0v0xjN8wpwOiI88Nh0UbSTM=" Size="19372"/><Block Hash="0XMFXloWLWLL0hw69DHyexlvSYO//7oRT/sOpxsxTTM=" Size="29736"/><Block Hash="091q5+fdKPCNFDUGfPhG69PHLu3uGCjR2fybl5wen2A=" Size="26577"/><Block Hash="36GNAhfVNibm5jvbaAzom2LrP0XozNAnjRp+T87MHCU=" Size="33144"/><Block Hash="WEwSy5+MY0rg0Dj821IpPlQYg3dSSy0UyIZ8FEHrGkU=" Size="33556"/><Block Hash="8KXetWB8e1JaVXVtKEI+yQ36di9/PUnw5VGASnvvJAw=" Size="33677"/><Block Hash="laSiHxHrbFBxcZkCLVq2HO27AvcA0k74nUagmbcx93c=" Size="30317"/><Block Hash="UztRhkEB+AI7ExFneA8g5QBqm2k3K1eTVleczH5fQfg=" Size="31815"/><Block Hash="dILdN8ZDPb6es71+R9cMW4chHimEYWR7qBwqIblemXc=" Size="30996"/><Block Hash="97K8rAIFVR5jlINhyNbhnQNufCuH0K368oXoGl59RAw=" Size="31983"/><Block Hash="hZ8SgkIE+lYYfVS2tN51lz39Gs48AbQFhcfYmnufBDU=" Size="33026"/><Block Hash="g8fqZHwEMmv/CfmzrfZ1xOAYia9r47DJfUBELCvS2Fc=" Size="33080"/><Block Hash="4fHdkkZ2G9G5qFoGNte6DDl6siKvvfoAfBQ84hk2xzk=" Size="31600"/><Block Hash="982i4BUpW6u5FRK5xywmzbCqA5KyMCZJDFOm6XHayyw=" Size="27735"/><Block Hash="b44lE22FPt4BlgfAjcyOcgFSyQv84LmHhMP4GeV3USE=" Size="30397"/><Block Hash="dP08MQXFGq2vAkQ0MMmxe3+Q3a2aNi/08FbnZP2b8LQ=" Size="32688"/><Block Hash="Xu7L9Qf6MofukrEWAcPmOq5HibbBy66yHq7GlZkJkiQ=" Size="29478"/><Block Hash="cOyEwiAJJMLa7YBR3gW4sV8OLQqWhvR/0Cb2+zes104=" Size="27430"/><Block Hash="W9JwQbg10tsXvX8ibaYPXlaN08V4BK06yRj9k4UvG2k=" Size="21799"/><Block Hash="6IC834qNhxvwyLlREqVB0OHpkeLB7yO5Wr7FHB+zNSQ=" Size="36441"/><Block Hash="Ckb2fzoatIT3FuDMPkc3nu57rmIpuO404SNT6Tl/ONU=" Size="30792"/><Block Hash="kY5kN4tV1ImMyMhm8jC3q7tpy3R969IV/FPmGuUlKTo=" Size="36105"/><Block Hash="rvkQFjcxENNpJDY/h+i4zTb8NvnFifCCHk/6g8kxrwQ=" Size="38160"/><Block Hash="RAiqOlTeV64VvDQ3lFTMfSfHAwl+pJoow6rFOaL4vg8=" Size="37165"/><Block Hash="/6QvbD08wVHmzroFAipehdOWDsLx7twKoY2+YLvCm9I=" Size="25877"/><Block Hash="sOW1Kr70pwnUElYjcjkzOP5XIhDN6hy5woH1J50nE8E=" Size="29954"/><Block Hash="65hue0vYYZ+w2Lis/3OETs2vRLHR7Z58pkQY84nl+x8=" Size="19449"/><Block Hash="qUB/LO3SyIeJD7LaMLx7EQkaptZix3/BmWRTFfFla+s=" Size="16120"/><Block Hash="zq9AZSwwnIuvkW3kf8C008z0swJ/wK6twCLGFH7URvI=" Size="10842"/><Block Hash="7keuJzIi0yv4QLGpYujEtG1nN1Ay3YQI0M/dzEp+z5I=" Size="16267"/><Block Hash="6UTLJDUoGh5WX0Xtm7ukUU0GHT/dRrCLGb3bVN2YiNg=" Size="25187"/><Block Hash="aEVgtBVJnnXShnW1u9+SByTU+hSaKl5x8MwEjYp2T8A=" Size="21925"/><Block Hash="B8NaL36foti+QauWsfJmlwD6b1eVwi82rQgtSZ4tdUE=" Size="19032"/><Block Hash="DDSs7ftsE6mKyg6XMw+feerz0mXXAlbZYFIHLxa9CQI=" Size="19513"/><Block Hash="LPNSEk84DSVGhzUiHVadWj1Q1pGzqmCy0WI5QUuJnDs=" Size="20213"/><Block Hash="SDOZo5TmCE6raz215u1mYLIGFNznsB70cEHnNvNKhoE=" Size="34291"/><Block Hash="suHu+h2XMCfttmQb6QyawPIV5QUy2JPpkE2E7CpXQCs=" Size="25287"/><Block Hash="CfcXb3aY7NtqoLQ21DnASa07CczD7UswAO1algXimZY=" Size="21345"/><Block Hash="KSYRyB2T/3X/97B6RKyOVA+KzrtGwMfeKNZdOBg9Nq0=" Size="23579"/><Block Hash="+XDaOJoYMAEpJbMD5Y2Z9yH2zSiTHfiKlHsdy7yVJEE=" Size="30416"/><Block Hash="XC4k02FFiBOs+4Ey9x6DPoPKMo/btnuOZ4r2LuGU96Y=" Size="12611"/><Block Hash="fXs2YMouFV07sNgn3OLD2UAyhNkFXt1UB4OLQ5nLMxo=" Size="11042"/><Block Hash="yL11qi3Qk2CS31W3VTYA/izy7dByLI0p/4vtn753ASc=" Size="20195"/><Block Hash="rDvSoc9p37IFLNA/UfCqsf44ncdB9QEEuFrY5oHe9co=" Size="33863"/><Block Hash="/Y0iBTKT9S5x/GI/Ix8/OE1oL6QbMH+jSQoIVk4PCsA=" Size="38860"/><Block Hash="XNIJwZH52vwE6orgJHzyFrzYgtFZIxmQJXzJ3lvAjng=" Size="38893"/><Block Hash="4doK444uhAR7bjm0vpEdrDugYyy65Ql5KiSNGZqaIFw=" Size="33029"/><Block Hash="dIcGZA6eactWR2/+cvwW8g4dSlwUpT2J8Wk31W6lb8Q=" Size="19580"/><Block Hash="z4bhWeS5EgCgB9VFRQL1tou9psoBV7Y4rfBHbZGtOOk=" Size="3767"/><Block Hash="++iTwZpn8viMtAbH/Vd0Ke0DGVROtDrhq//Qv3OXDnk=" Size="21047"/><Block Hash="TaT8i3SKJFYaN3sGTq8qvFgxzFSol1Sv+2NCcXVim6s=" Size="21544"/><Block Hash="QMCPdkqqnfzYkbHCH6yFknxH7UNaJcKsV0c3k3Cn40Q=" Size="19364"/><Block Hash="1YqWLqpN81fUkrihDbdQv4fnemx2ELS5PXTbXN7WdaA=" Size="62087"/><Block Hash="Cu3fKkoBW3KjaJ7O171iRXZfptj/g8V4cue3mfcboQE=" Size="59190"/><Block Hash="nBOz10piTaVK5LZoqLX2ZCP4Vb+tIRO+4fi1pWfjXx4=" Size="32792"/><Block Hash="rQroI/18KEpcNihhsldPSgyfku5DNjxYT9MdrIeY5Ow=" Size="14416"/><Block Hash="iUdQJmZ/5Z8CM/xixk4i/oeIXiMNJYXYCNF85QebVy8=" Size="18758"/><Block Hash="bWPtJCaEMx0x0f5RidBnRpbFfry2HIeZr9T0+fSr0ao=" Size="5642"/><Block Hash="qz9g4Vipuo/DNuAinSODpxWzafFxluKAibC40QQvwLE=" Size="7931"/><Block Hash="2u6KLmL1PijYkIPx4vguWHeMTG6BbFKwFzkCieCc16M=" Size="16238"/><Block Hash="PAKnYO0YOTnLobOEASJAVwsePhfjDFrneyiq3yKv4/c=" Size="19670"/><Block Hash="0krV9FhnujK81jtyq3od/JxBUcbTVPb5vVJlSEWBJgo=" Size="22065"/><Block Hash="MP+Hy/QVrt6aHJso66wfwg4FVus40V0vIp1Pr0yVnOM=" Size="20442"/><Block Hash="OeOhvy4qe2wLFxHISLjBT9/plGghSBzNEtCp6NHpPW8=" Size="18706"/><Block Hash="oL0LQCPddwAwea/DHe7H/ovJUpu8bm6ZFPXjISFJqrg=" Size="10861"/><Block Hash="eMIRMWc+kGHjKFwuZtnXQrSeOzagVPUutmPi8eAUbL8=" Size="17323"/><Block Hash="JeJcBXYi4zrW+UOgTq6kXKmnaoZiAeMOXk5Rz64TrKI=" Size="19669"/><Block Hash="dI2RVz6l0AEeTAoRCME2/eyOy4+tLY0z4SPVv5H8TmU=" Size="24627"/><Block Hash="oENXWIFQ0I1cgb5NZVnI/XXCCWwXNsyxv/pJFb/LoqY=" Size="27228"/><Block Hash="X7eANvV38URcBc0HQVtmBOlO54zPRHnknOezz60OrpA=" Size="25960"/><Block Hash="ZNicHQ2rtcD3k3LvRXFmV4nJ77sY+RQ5Lq6XbZbbTWw=" Size="17867"/><Block Hash="Um3J3Dd02dT+bR4NNuVsCIa3ZZHsJLnDHJNwEwKJ5nc=" Size="7745"/><Block Hash="Qu8OtMhE9b/CYPGt6+4balfn5jzTaewqhUWd93D7aJw=" Size="7639"/><Block Hash="x6JysDtHMEUNop5x/zHEgNOvulCiAdIo9Qu6/8g4jLc=" Size="5893"/><Block Hash="EfN4bWpzE3TDL0x4xePCu3eImVM3juyuOShqDa7vaPQ=" Size="5060"/><Block Hash="WpC8OUj6nrbJw0YvcjGNFcr4jZyDGRz1ReHrqZ1Ui44=" Size="4764"/><Block Hash="8K9qRj+pN/vN3oXLvyeniY9FZLCQ/x3QXhke2cmOnxk=" Size="25393"/><Block Hash="5hl147hLNkZFvpGyerOXvkyvyTs80wQ24bAbUzmSwZU=" Size="32258"/><Block Hash="t61/a0OeNmVcULDEIbT5Mx1phvkR7CtBqWFcCuF3/W4=" Size="31876"/><Block Hash="i0diqKd2hp7ONgbjWUXMFcadVWmwpoRVVwfpf3X2mQg=" Size="31962"/><Block Hash="Z8VLwZhseY1DZI5E+Cb3kVT1DXbng6W9N/raikt2hZM=" Size="32108"/><Block Hash="Nm4m79wyNvVFgLgys8yO4mKDFtzHdxZdqYLqwlv6l8A=" Size="29625"/><Block Hash="ADj6VFha15zpgIVjmg4JQz2jzKNeAjJvgwopfEE/nus=" Size="30178"/><Block Hash="ym2BfX71O4ff7IgZR2zYH7B8zA4p/+LQEY+dku32RBU=" Size="21933"/><Block Hash="WP03aACFeQsQE/ozGbbjXPQO1MQkQ82N+dgAv6YfTTM=" Size="7905"/><Block Hash="x/EfHr1ffBAHjOsBzyv8iBvurd7c8vx/A216ne1bnwY=" Size="6893"/></File><File Name="data\flutter_assets\packages\flex_color_picker\assets\opacity.png" Size="207" LfhSize="95"><Block Hash="j0DbMUoKfqs+vBgXt4VHSW++2SIgN4OhqKStsq/aCXY="/></File><File Name="data\flutter_assets\packages\eua_ui\images\splash.png" Size="9334" LfhSize="83"><Block Hash="XUxfb5X4xUx1flJulEs3yPg4urPZUA1l7jX96jpGgU4="/></File><File Name="vcruntime140.dll" Size="94072" LfhSize="46"><Block Hash="Z1zFf0tzOJwx7CucDLr9LZoUDSO/8ktOdDm1xeAHzqg=" Size="36113"/><Block Hash="D/48mFTST7DiBZo2Z/Bqe6B3OI6TxaZSEtwAcp3aIfc=" Size="14042"/></File><File Name="vcruntime140_1.dll" Size="36744" LfhSize="48"><Block Hash="oedSsuLi1p8piSNxpHrVClb935eNjuCZWc6+l4BEFgM=" Size="19768"/></File><File Name="msvcp140.dll" Size="560960" LfhSize="42"><Block Hash="RbRxXcd7vIuKeT826HHtlhvB4RCkRC43ny3P41SQ/O0=" Size="29959"/><Block Hash="BGsqhDnsyhpnjpvSHndUotf8HTBVdWBP5aZa97ZU8XE=" Size="23229"/><Block Hash="Zp5aST//0Z256zNKwNBr2ZXWLmMlAP14Iww12Sg3krU=" Size="23835"/><Block Hash="0ZHJeQcT8o236DDqWN0ijp1/NvMRVY29CztqunPvYBI=" Size="23710"/><Block Hash="HrDkhOmL0fnW7CxdN6R/IbY2lxafsLDDozQ8lOZKKlE=" Size="16586"/><Block Hash="4xyzl5Nvrau/qnoa3q8BZCdI5Nrpyh0Vy6+eqXXEKow=" Size="25099"/><Block Hash="7OjHnZ6+lh2q4wRK+8qDvl79qYwsyGYDlqk/y1ftLZM=" Size="15898"/><Block Hash="ogzrMrNvo62z0hnzSAWi9gHQLJg/Hyebi5Tk0hmaTF0=" Size="7704"/><Block Hash="IS56yLX4rsj/TQHKKPr7T0af4N09wwrvITsF3rWb4Ec=" Size="16414"/></File><File Name="hub.dll" Size="2231808" LfhSize="37"><Block Hash="T+RXY67Yjk4TKQBZ1dQn8OH9apNBk2bYvXeEm7+L8TQ=" Size="25309"/><Block Hash="cGtSq9wM/utodxwLUQMYsydjOZFum8bPaxiiS/O25Zw=" Size="25102"/><Block Hash="N3rGQM1K/EdB2K8Xf9zzxW7U8PLlGDlbkTI7q6kbVLo=" Size="23765"/><Block Hash="4c7KLVElrOAbpgIUBVGbyorkYtozOkD/IqIdhJ23TV0=" Size="26922"/><Block Hash="7f/uoJiLPosYTVg0QLqS1E5S4ECHQlWjtvMu0EyN7mo=" Size="30153"/><Block Hash="ZtnmHjxmUlYXIuuc8qRZ+RURXcgnHGt3NpZdXZxG1i0=" Size="27280"/><Block Hash="3I2dyUwNy1Rl+XWYHz6irgubRoCRpLPCIgM7NSu716M=" Size="33334"/><Block Hash="tGNxy6EXKY9Kr5mbO7hAkXxYcEBjkrFKgoMj7GfUi7Y=" Size="29453"/><Block Hash="VBmQUY4spsMc67Rb0gbPa4hVRFwQ2DwnLT6iwy4h+/Q=" Size="27213"/><Block Hash="ucjepWf8tSmRLQsMOUdN0KPu/LSZfm32An6qVRMFZ1Y=" Size="21500"/><Block Hash="e+rkkHj+cd9Xo5pnZIo1ePDvt3J3HjzBZSi/IkzqnoY=" Size="35423"/><Block Hash="kOF+2dNjBk86xgpXYIwtWJ2LCE92JiowuDQRMEKJgQ4=" Size="26149"/><Block Hash="syahh8yt/u0FVoBNsEqN1fejD0LBc5yJINb+VUjvEZI=" Size="29989"/><Block Hash="f+EC+UUQ6wA+mhjlRX+6fWDEGGLiGPMLxaI2dNH/90o=" Size="27492"/><Block Hash="Ncbdg+5mHm18BQnp7JAYFmXZJWFr5tEQ8q9NGx4wzuY=" Size="29213"/><Block Hash="WlXVkN2tFITtH8k0O0FyMFX5g8tWYfwftEmzckIyZuo=" Size="30269"/><Block Hash="UqTdYLwGdHQepcgux2F7SU1FcAzAELhCyl8o0b+TyGw=" Size="27184"/><Block Hash="tjez408vtnBK7uxo9e1Ja9x/2UQjlOVrLOHhcZipyuI=" Size="31968"/><Block Hash="5y2Iz3z99Kjxikp8rFDgzTTSggL3L/MROma6HBU/+qc=" Size="36439"/><Block Hash="U4uGUUFUPomBHhBULBVg2ojQmyyOYjmR0p6JNt7KOYo=" Size="33853"/><Block Hash="y1QCKarwj7aeBww6yBnuuGCJZy/WxcoLlttSG21+uKM=" Size="25093"/><Block Hash="PnMVKk1gOF2Tw3625QS48Hs9juhrpFKcdFHlcLs/N1Y=" Size="19128"/><Block Hash="c3rJDoFbNE11jUEbjbu3bJ5zZAPucxN2+fZDhh5RG7w=" Size="26113"/><Block Hash="cvBScYOLJdGooCPWOcnxaRYPyP7EmwrnbYLuFl0A4wQ=" Size="59272"/><Block Hash="tcr5Cq2EO+Iqzff1uR+AZ0FSZNurCSZUtAjeW+7Xd7g=" Size="46816"/><Block Hash="wB5gRKCaA3EtkbDRn7J8ImBk7/0u3PamFdnt7IPIfT4=" Size="28069"/><Block Hash="Pf7V/oOWd46hcjJQB/p3uTWdWhT+5IboOr/8Sqrc10U=" Size="34202"/><Block Hash="sc2YZB9lW7RnfXL4lTEPO/k1GN3V/q4W8UcifX53ueY=" Size="31390"/><Block Hash="N8iALj8pRTqlVkqjegL0r9EZ7ad1LFADd47/HlLL69o=" Size="21574"/><Block Hash="h5bmS0V0ZCVtsLtqwSEjqFydt2XdaRJjMAcFxX+jEKM=" Size="26724"/><Block Hash="mV32bPBqgFRnUZJLdW9NiOr1F5IRQk5n/jzQh78Ji/A=" Size="17884"/><Block Hash="3R2CPLPlcQamhWNm6MIUBIRvZ3DO7H6kTi3/0q9rkkg=" Size="17433"/><Block Hash="ZjQbOiGGblqLOzV/lXmrZ7e3u1/qAQpyVdeRxsp4RcM=" Size="22582"/><Block Hash="SRuQFKSBU/sgjVs+lWcOvOqRTKh1SU89p1Wr63Zu57g=" Size="31625"/><Block Hash="ct73ciknawHM1DtvA3O3TKIOfBsTeOdBhHs/+6mfoBk=" Size="2041"/></File><File Name="data\app.so" Size="5440432" LfhSize="41"><Block Hash="QfmRIJxiujvJMI95VDKPz4tA3zoTsZw+PQH92vBXXcY=" Size="26072"/><Block Hash="2QCIP1obk1isBH3gSSf/3PEaW8UlktXbzT86jn9Xxho=" Size="34375"/><Block Hash="obAUcZFsqAqsWJvJXEuIUg/ClFHU+ITvKq7qLrMP2Eo=" Size="40105"/><Block Hash="XnSZGlroLCn0Em8lAfCDpjYEop4qD54n7RM+qOgKAaE=" Size="28642"/><Block Hash="Rz0LXXIKOtKejtgtZZrtuGceejpTB1+dgNFCxVb/r88=" Size="28705"/><Block Hash="2UAgH/ncCzuGRBPQ9JT3kIsqhmf37JSnxRVAEI7hL+o=" Size="32075"/><Block Hash="dWwqz/xzvQdWtqtjneMyBBtafdcwEVNW6ySKolKq9m4=" Size="31082"/><Block Hash="YbIK05E3RTUFoUFA8HxGHjpgPPim1vgHlU1dZ9e436w=" Size="31418"/><Block Hash="EldtYdqKDxm4BYK1tvecHeUBHIBoU6PCfp7xaArWiJg=" Size="37696"/><Block Hash="ojTXZ4NeF6h4yPAjVrNxDN6I+N49T5BYFORFdtlIrCQ=" Size="29901"/><Block Hash="xh24CQ45QEOFqTwjzUvLlt3JOQI/bkoZIec+3BVWmH4=" Size="27313"/><Block Hash="vCgIsE8Z08mA5J5Pfoa77MBsjHK6ISBWWYsugOZQ7mc=" Size="32661"/><Block Hash="n6gWnP0xkb/zakPHjd359rqO+QPMiSjQMFpBKXZqKC0=" Size="33768"/><Block Hash="q4yY+3qmUs7QmuZn4SdxsmQM6gdHtDkvxIsPvKfOE1Q=" Size="40107"/><Block Hash="HHqGBiKOt0CNAeoze20Sv3E/mWGJ+qGuhRSqSwW63ls=" Size="33403"/><Block Hash="vnZ8OGZZzXZaY3E7c/7eedjrFqaz34LE/nf0l5AgRyw=" Size="41952"/><Block Hash="rNKt5DItQ5ae+X1vPCtN7E6HsxKJBYa2+0xTYJiTnYM=" Size="49752"/><Block Hash="5uo6SwB9wMY8r4874ZLFga+TiDniT5BMWApgbOYXfm0=" Size="48601"/><Block Hash="wL7AfdIvcX+L47vPy2wQem0yQwVg48+ABbgyLuhapi4=" Size="40947"/><Block Hash="r1hCTdG3Wd6jrhT0kMQT+n3vhjX6foCvvb4PMJt4OrY=" Size="26709"/><Block Hash="0VLWNhWSCqM5IEmr5dIZZMD7juRuiOS9I3hz5bH6Vbk=" Size="24767"/><Block Hash="A+JTxaoR3fS3dtjzyQs3N+19JCJ/TSEA76ju1QqqsKk=" Size="26950"/><Block Hash="1PPxTvMud9SrIG+UKhj1bJbtq6yQZPsBS1mSRBrlWmk=" Size="25422"/><Block Hash="VoEb8AcxCxdiLnN7fCFCFFWkHvkeW2jZ3uliRPdG2Lk=" Size="27053"/><Block Hash="96gtjeFD5XXD1eRlVsozJbgn3zzN8JAiBCz/r1scTug=" Size="27208"/><Block Hash="RRFzE6WMqCg4rBs/1o+7aSgvA5TY3KmDvEvaTfXt0Dc=" Size="27314"/><Block Hash="hSiQtgqaaDTahd39yekFJtL0FKXF+HfRwHhOx/SNfo4=" Size="26721"/><Block Hash="8757YIfCwVPxzI8Tnbo5o3+rrJnkxNWbsdcv33LA4t0=" Size="26888"/><Block Hash="YobjMvsTCXeXr0+eU9PXm2MNRCI7y/EZkYNPN/llAxY=" Size="27215"/><Block Hash="5he2l/GOdcFNjRIODEQ4iAwJUrlOW4up+3vLN0g93w8=" Size="23017"/><Block Hash="rfh4q6kHdYEqLFwNODHbjx4Zze2t2zZdRVmRwY/MuBY=" Size="27001"/><Block Hash="+BjU49YMx6xNa4uPKBE12EFND4I8GWhNtMmPlu3PdZ4=" Size="24450"/><Block Hash="Nr+YNjJiaMXnL0dPTgWI7QeCQ2L0wXbqbQPgkKqPsFo=" Size="25061"/><Block Hash="+l1JcdtO5T7oe//IxUYQfXtynGL5n67+LxtvU6Uflhs=" Size="24580"/><Block Hash="OFgTMTD2Z4zqgfvtZSsAXhpfwr5Z45/dywwOhr0u0zk=" Size="26482"/><Block Hash="Z09MQBBiVHyZMbmBHiDHB4wJdfpXJ6e+C1SkafD0keU=" Size="24474"/><Block Hash="RzB+0hX3r0vZRFU25IN1SrU7a+rs2xqQNzAHWA/DiRA=" Size="22680"/><Block Hash="oL3yxRpLwDuL+k6DV8H2BB+18tp3BSj5D3pwo33K/LM=" Size="24436"/><Block Hash="pJt4op64Y+jS9kIKZCZXEE5Ce3vBJP92qLWMBJBWM1Y=" Size="24708"/><Block Hash="VHhhikXwCbjmp4qp0Wz8qF9DUD7Qnh7tRYG+TY1dy0w=" Size="24696"/><Block Hash="SNdTUM82CIDkhFplv/63mhpauXxG8DSgJtjthw4qTrQ=" Size="25963"/><Block Hash="TPofTCeLhLRwEfl2ccOsZ5VYV/oz+FJ504b7A73ssIk=" Size="23171"/><Block Hash="DCmn8cz+hcsA+Upa3H8tKctv7fPRLC8LJLn50vTsL1k=" Size="22107"/><Block Hash="ln0yuf+9/a3aI9Bfg5gBabm0qztm6tErUGYFJG01K9w=" Size="14291"/><Block Hash="iY0yXxGeT73NBlfglhfUf6pPpisHJ+MfZAFunJFlvZw=" Size="22367"/><Block Hash="uyQZ4gBc/MELOHXVRzHTMWZsdf8ICqLJFsuRV4AhP1U=" Size="21359"/><Block Hash="mYEG/8VvGDqpoNbqzg++y0JMOd4Ryp+7nMXJil0hqFM=" Size="22673"/><Block Hash="MXoadwNySN8f+KglmKgo2KTwF+ntUZ3vrJEOuGt8lIM=" Size="23810"/><Block Hash="c9/4Q67Oz7EKYQPMDPWnhpQzaUTStNelxrvGOPiGMn4=" Size="23960"/><Block Hash="G8tHMnPkhG6nSQx32aCLH7gXn7d/+rVagr6vy77RjTU=" Size="26032"/><Block Hash="2AppK/VJCisSmt5gO6BxJgAQFuIVvHzjhL8M/SAel78=" Size="25497"/><Block Hash="ERhCTayBmnQsg3efkzxbSFnarqh/llWnwSsM5EVedFM=" Size="23707"/><Block Hash="LV4UgdqnNfQViPFAXWboCpwAwevHPKTcPWOJwkEGGx0=" Size="24697"/><Block Hash="dRDL5tUjceq9HraTVyOywYHM280HWuSMB85ElXNqUbQ=" Size="24184"/><Block Hash="fC/4bVyb94cXoqOAQbfXZ8GIYS0X9x6TCOAu+KbT7Ms=" Size="23461"/><Block Hash="huGGNU+g0A6hEIge9m/IDGWh7lt25Cvu1RNSmggtxt8=" Size="18758"/><Block Hash="KvcW98mwq+ILjcTNUhUqfimBiEugXoyPURTqkpfWo+0=" Size="25692"/><Block Hash="ebZ5UHKz0Do9Pu7G62GnB8lJGQv5jeJIOVOFWHR0Ef0=" Size="22758"/><Block Hash="9T5o3f/g5RFCT+qb5znOelkfXLWJ1VsKKMBWuzUqonw=" Size="22555"/><Block Hash="7CEU1DvHnnvwMpgc9pdAwPuWNSPdyyIqNcBsPF58k7A=" Size="21805"/><Block Hash="1Gr7KqPgaO0iqcpxRleLA4rf45DdcsafeseoJM2C5EE=" Size="24379"/><Block Hash="J75u075eq+IUtbpBY7QnjDgPlYKoy4G1PBeWBIdkdD0=" Size="19572"/><Block Hash="fSBQx7XJJuDb5G3g0N1nw4x4ccmgdsslhnYBt5Z5ruM=" Size="23247"/><Block Hash="sgSNL7m2uzzwMNRB0iEoGdjk8JbUCqRp1hsEcz6LKDs=" Size="24947"/><Block Hash="2xFCXzhLl2UwCg4qdHJenfcE/zjGZ75gwjUAE6uEeXE=" Size="25402"/><Block Hash="FwxsvD4mA15uFghlXYaSUy3bVRrLrGwp8CiuOH8Wgkc=" Size="26024"/><Block Hash="JvhhnDfWnIc98bnYlgM0i5nX/ogxxmr+1qNIwSd4Pio=" Size="26499"/><Block Hash="szoWF+L/tXbcpwtm2F+JTlErgiZSl4Wgg8t3uRNxyB8=" Size="26316"/><Block Hash="RWz0zmYAGHTW6bCKP5JoyNdHC3ENgNlNs9yrG8/udyA=" Size="20257"/><Block Hash="9Dedr6rugHtlhuZ8DNH4Dcur7ziFqR2cLjrlqhfMmqE=" Size="14490"/><Block Hash="8plF2B/7KnIUn4B0uXa7nUDK7/3k9gXrO8/YCojtHxo=" Size="25950"/><Block Hash="ORVvnw3JFMZE7J2OSAX2OxhDpRAwYmaH1W+9ZN0MzUc=" Size="23826"/><Block Hash="Q8yIVQYuvuMVU5E3MJDotswEKHFlhQVtEG5CfHFb/QA=" Size="22147"/><Block Hash="0PMiNmJylaBTc/tMPXW2c4thf2fkWZT6sFNYdruqKxg=" Size="18014"/><Block Hash="suVlvgx/6gAG1lJlFPWF+zHrZfYtNYHnYG8wwfGAHao=" Size="23039"/><Block Hash="ePcQy4oiyWY0DoiunkJG/lm15y6FUAGUHgYmGqRsB9A=" Size="24274"/><Block Hash="VfO2+2hAsNquy7MTZJR8U+5DPBXi/M2azP7m4av58Xk=" Size="26250"/><Block Hash="fotbkQfJX2gWL7fYv25TaM4MZx/qWfY36fjXGL3zyH4=" Size="25011"/><Block Hash="TQv+M6jZVa69Iu8FI5Pk5mw4AbBABGcMkQaL0Lj3tJw=" Size="15529"/><Block Hash="R+rOO8RXg5nrTKY120VbpeLW6AOhqtjAY4ey1e5DUt8=" Size="23744"/><Block Hash="APr8I2oSRuLIWpqleOI2wEuoHNhElZ11CpbSmll4Zgc=" Size="23356"/><Block Hash="IanLztJlO4w5d9DhbMa3jRz5q8TROKiDzw96/FGpfYQ=" Size="23885"/><Block Hash="7QbI9NBddvuVfrKz6eb42t91WfqOVoIoVhQ7B9DlFp8=" Size="20570"/><Block Hash="A8C9YHw9qSGxcUtows+nMHr/Npwv0YeaJwEOPLHAENo=" Size="291"/></File><File Name="data\flutter_assets\AssetManifest.json" Size="755" LfhSize="68"><Block Hash="KwMdwgbW+EaIXS1QbM+ZWph++PTCqfHgxUvFkmTeu8E=" Size="209"/></File><File Name="data\flutter_assets\NOTICES.Z" Size="85922" LfhSize="59"><Block Hash="2Hg4QJw9NmdbtAlw6lg6fKlo+QdpAkC4GmRX65yicvg=" Size="61609"/><Block Hash="XZssP3aa1q0326pyln1ZgaL2gw4Cd69pKnW/8k1Gqs0=" Size="19809"/></File><File Name="data\flutter_assets\AssetManifest.bin" Size="812" LfhSize="67"><Block Hash="B1lFBooy5IugkbJKI7d4EAA5CHcat2Hg5KQw31m+rrw=" Size="228"/></File><File Name="data\flutter_assets\FontManifest.json" Size="480" LfhSize="67"><Block Hash="szsZtDdbqbzaCw6IXj79BKDntPRFc0LXoON9AkpsIAg=" Size="189"/></File><File Name="data\flutter_assets\shaders\ink_sparkle.frag" Size="17304" LfhSize="74"><Block Hash="76+HdPlvfmSEpMUY8EHJWCq0+KmLZamki5iKZJP4kyQ=" Size="4968"/></File><File Name="url_launcher_windows_plugin.dll" Size="84480" LfhSize="61"><Block Hash="xfGF+0BrUpym1bJb+Gt2Ib1n9MsmFgrhg06VnQ2w1wk=" Size="29645"/><Block Hash="w0MuaEP/S6Oxek2UDxZbdk/DIGpDT0jRoDYwnQh/8sI=" Size="7247"/></File><File Name="eua_ui.exe" Size="48640" LfhSize="40"><Block Hash="xPf0mNIdw7EsdBZMHpLWm0X7hSJa7KC/n9ptWT0RkHM=" Size="23258"/></File><File Name="Images\Square44x44Logo.scale-100.png" Size="1566" LfhSize="66"><Block Hash="JK0M6cMND1TVoUhHUUIcKPq9dFKeuGssG3c29HdWq64="/></File><File Name="Images\Square44x44Logo.targetsize-72.png" Size="2676" LfhSize="70"><Block Hash="0ocfPgbdI+a7I0N7Q8z42vR0p75Y4rF6381nhoXdHXg="/></File><File Name="Images\Square44x44Logo.targetsize-64.png" Size="2351" LfhSize="70"><Block Hash="zCXsKj0mcjt/lQZgZyvZ3uwwxTnxFJvLZkqA/SLtZb0="/></File><File Name="Images\Square44x44Logo.targetsize-60.png" Size="2134" LfhSize="70"><Block Hash="1Mr4D/zYqzSO0SXphhK9sr0rfWO2Jt4X4W/bKb1eH9o="/></File><File Name="Images\Square44x44Logo.targetsize-48.png" Size="1665" LfhSize="70"><Block Hash="7PoMlWC+bctlV9QMqpEeLVhkfwudBcUA9T3RnBBsVoI="/></File><File Name="Images\Square44x44Logo.targetsize-40.png" Size="1356" LfhSize="70"><Block Hash="usBn62sljzETot/DBMSJeYbmZohY2rj5czhARwJMNpU="/></File><File Name="Images\Square44x44Logo.targetsize-36.png" Size="1270" LfhSize="70"><Block Hash="yd9qoOSS3XG8Yv0B2CkMPrBAHO1pADJX1/mIWVNZgEU="/></File><File Name="Images\Square44x44Logo.targetsize-32.png" Size="1104" LfhSize="70"><Block Hash="qBINNkNWwSZI3rMGNOnT6+a20mQ3TYbD3TMLgJaF8fA="/></File><File Name="Images\Square44x44Logo.targetsize-30.png" Size="1055" LfhSize="70"><Block Hash="xscIwYl3PVBOY3RlRq6I+hO9+7DKDzD3IlI6eqMUo6Y="/></File><File Name="Images\Square44x44Logo.targetsize-256.png" Size="14946" LfhSize="71"><Block Hash="pCjxEtiC1QBiMTwSvPUZXL5AZd22f86TTr8eUURxM8k="/></File><File Name="Images\Square44x44Logo.targetsize-24.png" Size="799" LfhSize="70"><Block Hash="RuTEq0bL9Vy8kLeVIkTmsYgY682G5GnacM3I/G2gNug="/></File><File Name="Images\Square44x44Logo.targetsize-20.png" Size="675" LfhSize="70"><Block Hash="Pw+OpF1rWY/opGiCAstASpMEz164G/b4YrKAoq36isc="/></File><File Name="Images\Square44x44Logo.targetsize-16.png" Size="518" LfhSize="70"><Block Hash="dsx1CtHxsbgXDylRvfntKiPZFOnepReWMfe25miYoCw="/></File><File Name="Images\Square44x44Logo.targetsize-96.png" Size="3610" LfhSize="70"><Block Hash="pEdqrBZXWxPmgVKJSof66cCHoaskMzjVOke4XaiC4Aw="/></File><File Name="Images\Square44x44Logo.scale-200.png" Size="3252" LfhSize="66"><Block Hash="+p/Mbmiu/VZ+NN35ebTiRklzu29bMvnSxVPZwmHmvEU="/></File><File Name="Images\Square44x44Logo.scale-150.png" Size="2427" LfhSize="66"><Block Hash="bWHxOgNBmRShxvqFuprLzNA9LFaVmeHzBAJOrtZL8Dc="/></File><File Name="Images\Square44x44Logo.scale-125.png" Size="1972" LfhSize="66"><Block Hash="avfqUqxO0N90Nx5GjyMwirAJBOuON8FoeaPW/NKVMNw="/></File><File Name="Images\Square44x44Logo.targetsize-80.png" Size="2870" LfhSize="70"><Block Hash="Yplr+O88koWS+T3AwnJGXrENDYTCyaHL3lBnVm6GRzk="/></File><File Name="Images\Square44x44Logo.scale-400.png" Size="6733" LfhSize="66"><Block Hash="cKXeOeUidRfBRpsCdRGlkIjRrQ5bWBmayZyVZ9IZeVQ="/></File><File Name="Images\Square44x44Logo.altform-unplated_targetsize-80.png" Size="2870" LfhSize="87"><Block Hash="Yplr+O88koWS+T3AwnJGXrENDYTCyaHL3lBnVm6GRzk="/></File><File Name="Images\Square44x44Logo.altform-unplated_targetsize-72.png" Size="2676" LfhSize="87"><Block Hash="0ocfPgbdI+a7I0N7Q8z42vR0p75Y4rF6381nhoXdHXg="/></File><File Name="Images\Square44x44Logo.altform-lightunplated_targetsize-16.png" Size="518" LfhSize="92"><Block Hash="dsx1CtHxsbgXDylRvfntKiPZFOnepReWMfe25miYoCw="/></File><File Name="Images\Square44x44Logo.altform-lightunplated_targetsize-20.png" Size="675" LfhSize="92"><Block Hash="Pw+OpF1rWY/opGiCAstASpMEz164G/b4YrKAoq36isc="/></File><File Name="Images\Square44x44Logo.altform-lightunplated_targetsize-24.png" Size="799" LfhSize="92"><Block Hash="RuTEq0bL9Vy8kLeVIkTmsYgY682G5GnacM3I/G2gNug="/></File><File Name="Images\Square44x44Logo.altform-lightunplated_targetsize-256.png" Size="14946" LfhSize="93"><Block Hash="pCjxEtiC1QBiMTwSvPUZXL5AZd22f86TTr8eUURxM8k="/></File><File Name="Images\Square44x44Logo.altform-lightunplated_targetsize-30.png" Size="1055" LfhSize="92"><Block Hash="xscIwYl3PVBOY3RlRq6I+hO9+7DKDzD3IlI6eqMUo6Y="/></File><File Name="Images\Square44x44Logo.altform-lightunplated_targetsize-32.png" Size="1104" LfhSize="92"><Block Hash="qBINNkNWwSZI3rMGNOnT6+a20mQ3TYbD3TMLgJaF8fA="/></File><File Name="Images\Square44x44Logo.altform-unplated_targetsize-64.png" Size="2351" LfhSize="87"><Block Hash="zCXsKj0mcjt/lQZgZyvZ3uwwxTnxFJvLZkqA/SLtZb0="/></File><File Name="Images\Square44x44Logo.altform-unplated_targetsize-60.png" Size="2134" LfhSize="87"><Block Hash="1Mr4D/zYqzSO0SXphhK9sr0rfWO2Jt4X4W/bKb1eH9o="/></File><File Name="Images\Square44x44Logo.altform-lightunplated_targetsize-48.png" Size="1665" LfhSize="92"><Block Hash="7PoMlWC+bctlV9QMqpEeLVhkfwudBcUA9T3RnBBsVoI="/></File><File Name="Images\Square44x44Logo.altform-unplated_targetsize-48.png" Size="1665" LfhSize="87"><Block Hash="7PoMlWC+bctlV9QMqpEeLVhkfwudBcUA9T3RnBBsVoI="/></File><File Name="Images\Square44x44Logo.altform-unplated_targetsize-40.png" Size="1356" LfhSize="87"><Block Hash="usBn62sljzETot/DBMSJeYbmZohY2rj5czhARwJMNpU="/></File><File Name="Images\Square44x44Logo.altform-unplated_targetsize-96.png" Size="3610" LfhSize="87"><Block Hash="pEdqrBZXWxPmgVKJSof66cCHoaskMzjVOke4XaiC4Aw="/></File><File Name="Images\Square44x44Logo.altform-unplated_targetsize-36.png" Size="1270" LfhSize="87"><Block Hash="yd9qoOSS3XG8Yv0B2CkMPrBAHO1pADJX1/mIWVNZgEU="/></File><File Name="Images\Square44x44Logo.altform-unplated_targetsize-32.png" Size="1104" LfhSize="87"><Block Hash="qBINNkNWwSZI3rMGNOnT6+a20mQ3TYbD3TMLgJaF8fA="/></File><File Name="Images\Square44x44Logo.altform-unplated_targetsize-16.png" Size="518" LfhSize="87"><Block Hash="dsx1CtHxsbgXDylRvfntKiPZFOnepReWMfe25miYoCw="/></File><File Name="Images\Square44x44Logo.altform-unplated_targetsize-20.png" Size="675" LfhSize="87"><Block Hash="Pw+OpF1rWY/opGiCAstASpMEz164G/b4YrKAoq36isc="/></File><File Name="Images\Square44x44Logo.altform-unplated_targetsize-24.png" Size="799" LfhSize="87"><Block Hash="RuTEq0bL9Vy8kLeVIkTmsYgY682G5GnacM3I/G2gNug="/></File><File Name="Images\Square44x44Logo.altform-unplated_targetsize-256.png" Size="14946" LfhSize="88"><Block Hash="pCjxEtiC1QBiMTwSvPUZXL5AZd22f86TTr8eUURxM8k="/></File><File Name="Images\Square44x44Logo.altform-unplated_targetsize-30.png" Size="1055" LfhSize="87"><Block Hash="xscIwYl3PVBOY3RlRq6I+hO9+7DKDzD3IlI6eqMUo6Y="/></File><File Name="Images\SmallTile.scale-150.png" Size="4058" LfhSize="60"><Block Hash="axcRXKfC7IFYIzjMNXjOY+95MAKHmR4Jt/FQ6sXHIEA="/></File><File Name="Images\Wide310x150Logo.scale-125.png" Size="9169" LfhSize="66"><Block Hash="dRGa649/Awr8fnmZ4f+kUHb1GjRe5w0aooKvA2UI/cQ="/></File><File Name="Images\Wide310x150Logo.scale-100.png" Size="8092" LfhSize="66"><Block Hash="UqwDkQn9J9GyydYfYWMbtB2ER3XW4Csdh+mX4lXFlMI="/></File><File Name="Images\Wide310x150Logo.scale-200.png" Size="32370" LfhSize="66"><Block Hash="AmxLP0q4Q4YxCLczsy8sbZGWWu47BE2yNY47OEPZIZY="/></File><File Name="Images\SmallTile.scale-100.png" Size="2645" LfhSize="60"><Block Hash="dpenTzJzPgXpsZisnPmCzf28F0wiQVxe6k7sFJleU8s="/></File><File Name="Images\SmallTile.scale-125.png" Size="3326" LfhSize="60"><Block Hash="e/5XEYUs8SMBxxgB3FbOnGR2D0doLq/jPvOgUMm6yMw="/></File><File Name="Images\Square150x150Logo.scale-400.png" Size="51051" LfhSize="68"><Block Hash="11dqdGdnmiRJ6IjhIHQzNIA8tRT7fY2U4fYgaqQVqPs="/></File><File Name="Images\Square150x150Logo.scale-200.png" Size="18772" LfhSize="68"><Block Hash="Eb62qCJhbIVMRcDqwzI5IzcM+QbBdq00jt8oGQxi9s0="/></File><File Name="Images\Square150x150Logo.scale-150.png" Size="12404" LfhSize="68"><Block Hash="+48yKY6wZpLX40CmIA5Pn0YYrwO4N0T7qfd5k3uZeXo="/></File><File Name="Images\Square150x150Logo.scale-125.png" Size="7460" LfhSize="68"><Block Hash="u0oRWHvFyJWPaTDkStfmEF19I8DKdV266QrC3yn7uS0="/></File><File Name="Images\Square150x150Logo.scale-100.png" Size="5813" LfhSize="68"><Block Hash="z0M50uI3fwUqFcr4L8G6IwNPhhidf2F9RcImg8kP6q4="/></File><File Name="Images\Wide310x150Logo.scale-150.png" Size="21752" LfhSize="66"><Block Hash="gfToePpchr7FPrHxQtAXqYsAmuA+PoEcitONsqcbIhs="/></File><File Name="Images\SmallTile.scale-200.png" Size="5310" LfhSize="60"><Block Hash="lXPWiCKgSTwPq/vAhIrXFiEDPZqGhBtWn6mnCkGkyss="/></File><File Name="Images\SmallTile.scale-400.png" Size="17441" LfhSize="60"><Block Hash="/SYLlCOCL/AOp0JOhlVrqR+0d/6N16XPIwnPVTZ1sS0="/></File><File Name="Images\LargeTile.scale-100.png" Size="19956" LfhSize="60"><Block Hash="iq2edgUAnoSfniUxaUBszgRDvA4jMH+g3euSaD9GrKU="/></File><File Name="Images\Wide310x150Logo.scale-400.png" Size="90286" LfhSize="66"><Block Hash="vb0Jg6UvdxE75OXXFcEwbRXrR8ldzyhGK38GhqOSPd0="/><Block Hash="ivZJmeEXQcXiYdhEmzJOY/o2gkztTCuoCXcOLfNxwHk="/></File><File Name="Images\LargeTile.scale-150.png" Size="35070" LfhSize="60"><Block Hash="SWSy3b3jQvrbFMNwheXNk0xtUNS9wMAaTr98e4lwI2U="/></File><File Name="Images\LargeTile.scale-125.png" Size="27064" LfhSize="60"><Block Hash="O0/RVd2Y4uvuhtGMUQ8zx+xEqV/yqkF25S3qgJ6g51I="/></File><File Name="Images\LargeTile.scale-200.png" Size="53246" LfhSize="60"><Block Hash="/kmG2k9NTjkneQKxI7Cqbb29JqV/rLivmpfT/JgpMcA="/></File><File Name="Images\LargeTile.scale-400.png" Size="147121" LfhSize="60"><Block Hash="6t6WqhlWKZKwwnO5yf9dypbJJ/WsjzwjDbQzF9isWT0="/><Block Hash="O4fvxBRtAg1q9tAo9RVOZwUafvCaGg9Ye8Jj0slCJ9c="/><Block Hash="058naCNBqnl+7Z9pbvvJzlW0CpCpwDyWAfnnQNTm5I8="/></File><File Name="Images\Square44x44Logo.altform-lightunplated_targetsize-40.png" Size="1356" LfhSize="92"><Block Hash="usBn62sljzETot/DBMSJeYbmZohY2rj5czhARwJMNpU="/></File><File Name="Images\Square44x44Logo.altform-lightunplated_targetsize-36.png" Size="1270" LfhSize="92"><Block Hash="yd9qoOSS3XG8Yv0B2CkMPrBAHO1pADJX1/mIWVNZgEU="/></File><File Name="Images\Square44x44Logo.altform-lightunplated_targetsize-60.png" Size="2134" LfhSize="92"><Block Hash="1Mr4D/zYqzSO0SXphhK9sr0rfWO2Jt4X4W/bKb1eH9o="/></File><File Name="Images\Square44x44Logo.altform-lightunplated_targetsize-64.png" Size="2351" LfhSize="92"><Block Hash="zCXsKj0mcjt/lQZgZyvZ3uwwxTnxFJvLZkqA/SLtZb0="/></File><File Name="Images\SplashScreen.scale-200.png" Size="90286" LfhSize="63"><Block Hash="vb0Jg6UvdxE75OXXFcEwbRXrR8ldzyhGK38GhqOSPd0="/><Block Hash="ivZJmeEXQcXiYdhEmzJOY/o2gkztTCuoCXcOLfNxwHk="/></File><File Name="Images\SplashScreen.scale-150.png" Size="59182" LfhSize="63"><Block Hash="PXQ/mxjJ3r2DR+SmERpQt0Y2xEx78Wi8tKHa9TGN9VA="/></File><File Name="Images\BadgeLogo.scale-400.png" Size="3610" LfhSize="60"><Block Hash="pEdqrBZXWxPmgVKJSof66cCHoaskMzjVOke4XaiC4Aw="/></File><File Name="Images\Square44x44Logo.altform-lightunplated_targetsize-96.png" Size="3610" LfhSize="92"><Block Hash="pEdqrBZXWxPmgVKJSof66cCHoaskMzjVOke4XaiC4Aw="/></File><File Name="Images\BadgeLogo.scale-100.png" Size="799" LfhSize="60"><Block Hash="RuTEq0bL9Vy8kLeVIkTmsYgY682G5GnacM3I/G2gNug="/></File><File Name="Images\BadgeLogo.scale-125.png" Size="1055" LfhSize="60"><Block Hash="xscIwYl3PVBOY3RlRq6I+hO9+7DKDzD3IlI6eqMUo6Y="/></File><File Name="Images\BadgeLogo.scale-150.png" Size="1270" LfhSize="60"><Block Hash="yd9qoOSS3XG8Yv0B2CkMPrBAHO1pADJX1/mIWVNZgEU="/></File><File Name="Images\SplashScreen.scale-100.png" Size="32370" LfhSize="63"><Block Hash="AmxLP0q4Q4YxCLczsy8sbZGWWu47BE2yNY47OEPZIZY="/></File><File Name="Images\SplashScreen.scale-400.png" Size="246076" LfhSize="63"><Block Hash="8Z1x1Uml4RFwBijbSFM3EV+eRtya9yT0ufVK3nSZ5fI="/><Block Hash="pveyDIb3yT3Bws5OnmA77uZfOujCUVkI0ZbW7wdugkI="/><Block Hash="1aXbhV6W3CPOhLQOjnJGgK13zLdkirWSNQYHsqvMZzg="/><Block Hash="CUcHkOIN03utxcCivu0f5qMYGYTv7em5jQgxVfXfnyg="/></File><File Name="Images\BadgeLogo.scale-200.png" Size="1665" LfhSize="60"><Block Hash="7PoMlWC+bctlV9QMqpEeLVhkfwudBcUA9T3RnBBsVoI="/></File><File Name="Images\Square44x44Logo.altform-lightunplated_targetsize-80.png" Size="2870" LfhSize="92"><Block Hash="Yplr+O88koWS+T3AwnJGXrENDYTCyaHL3lBnVm6GRzk="/></File><File Name="Images\SplashScreen.scale-125.png" Size="45253" LfhSize="63"><Block Hash="IxTB1b/ani5aI3QqmHSWkaS8y3qFuCtdTLKCA7YG/vM="/></File><File Name="Images\Square44x44Logo.altform-lightunplated_targetsize-72.png" Size="2676" LfhSize="92"><Block Hash="0ocfPgbdI+a7I0N7Q8z42vR0p75Y4rF6381nhoXdHXg="/></File><File Name="Images\StoreLogo.scale-200.png" Size="3688" LfhSize="60"><Block Hash="MC98L5cwQiaR3ZJLganlLvK6PeEiiYVBfCnnTkRYC2c="/></File><File Name="Images\StoreLogo.scale-150.png" Size="2744" LfhSize="60"><Block Hash="t6Z9QLeEKxsSqckSJiXr6OyNF8H1pOb5LB8fI7ShWpE="/></File><File Name="Images\StoreLogo.scale-100.png" Size="1764" LfhSize="60"><Block Hash="FUK/pzaOohe1VM7wyqYqkQqqUeXPLuCbQwGv+OhYhC4="/></File><File Name="Images\StoreLogo.scale-125.png" Size="2308" LfhSize="60"><Block Hash="HCdYjYYiIX0kXrqcQ7GyPPQ/gIuEWvdViEHNOHaCGNM="/></File><File Name="Images\StoreLogo.scale-400.png" Size="10386" LfhSize="60"><Block Hash="aEDSXGaDBh9idb7VydF7Puxm/4FhqQShvgvrN9kxfQA="/></File><File Name="resources.pri" Size="11576" LfhSize="43"><Block Hash="jAocrOA8sZFkuYARYRayBuzIuu84yyveQDIkGBlm1J4=" Size="2649"/></File><File Name="resources.scale-125.pri" Size="2672" LfhSize="53"><Block Hash="L7+LCHhkXLNAzpbN2mpghNxgx7WH5Y6O4NQLHOsQrUw=" Size="1363"/></File><File Name="resources.scale-150.pri" Size="2672" LfhSize="53"><Block Hash="DJ3ElnmirI1iW2f3CLucK/iDzGiL8zmq5ZYd00kX8zE=" Size="1361"/></File><File Name="resources.scale-200.pri" Size="2672" LfhSize="53"><Block Hash="OYkWcrm1DsEOwR7k/DkfS3wu9/OWVtbzoFmkueRnC1Y=" Size="1362"/></File><File Name="resources.scale-400.pri" Size="2672" LfhSize="53"><Block Hash="NtOsL2D6aQ8F80OKwiII0lW2V9KWmJqXoBeF8F7j3Jc=" Size="1361"/></File><File Name="AppxManifest.xml" Size="3752" LfhSize="46"><Block Hash="/gAyeGYThCZCARF3h4VmLmQUUnqMx9F02m/OkbTsVLs=" Size="969"/></File></BlockMap>