{"packages/cupertino_icons/assets/CupertinoIcons.ttf":["packages/cupertino_icons/assets/CupertinoIcons.ttf"],"packages/eua_ui/fonts/DingTalkJinBuTi.ttf":["packages/eua_ui/fonts/DingTalkJinBuTi.ttf"],"packages/eua_ui/fonts/InterDisplay-Regular.ttf":["packages/eua_ui/fonts/InterDisplay-Regular.ttf"],"packages/eua_ui/fonts/JetBrainsMono-SemiBold.ttf":["packages/eua_ui/fonts/JetBrainsMono-SemiBold.ttf"],"packages/eua_ui/images/github-mark-white.png":["packages/eua_ui/images/github-mark-white.png"],"packages/eua_ui/images/github-mark.png":["packages/eua_ui/images/github-mark.png"],"packages/eua_ui/images/splash.png":["packages/eua_ui/images/splash.png"],"packages/flex_color_picker/assets/opacity.png":["packages/flex_color_picker/assets/opacity.png"]}